displayName,address,lng,lat,type
"雨林軒","灣仔譚臣道103號地舖",114.1737085,22.2771909,"Meal Sharing Restaurant"
"慢煮屋","觀塘開源道60號駱駝漆大廈第三座4樓U01室",114.2250719,22.3101251,"Meal Sharing Restaurant"
"盛記麵家","香港沙田瀝源熟食中心5號舖",114.19121643918265,22.384610450550372,"Caring Restaurant"
"歡喜素食","香港新界葵涌和宜合道50號葵涌花園中心商場LG7-17號",114.13890749999996,22.3671486,"Caring Restaurant"
"鳳香後園","香港九龍城城南道71號地舖",114.19101260491084,22.3303719797335,"Caring Restaurant"
" 筲箕灣好運燒臘飯店","香港筲箕灣金華街21號",114.2297337,22.2779102,"Caring Restaurant"
"大聯合汽車(集團)有限公司","九龍旺角基隆街64號地下",114.16621099999998,22.32575,"Caring Restaurant"
"順豐福食","九龍新蒲崗雙喜街彩虹道熟食中心一樓十四號",114.19660850000002,22.3370396,"Caring Restaurant"
"簡單小廚","香港九龍城亞皆老街147M號九龍城法院大樓2樓小食部",114.18526789999999,22.3252141,"Caring Restaurant"
"曼克頓山","香港荔枝角寶輪街1號",114.14236699999992,22.33464,"Caring Estate"
"海濱南岸 ","紅磡愛景街8號 ",114.18661859999997,22.3032928,"Caring Estate"
"譽 ‧ 港灣","香港新蒲崗太子道東638號  ",114.19666910000001,22.3333959,"Caring Estate"
"帝豪閣","香港半山干德道62G號帝豪閣",114.14450299999999,22.281904,"Caring Estate"
"西浦 ","189 Queen's Rd W, Sheung Wan, Hong Kong",114.1450075,22.2873974,"Caring Estate"
"縉城峰","8 First St, Sai Ying Pun, Hong Kong",114.143156,22.286357,"Caring Estate"
"高士台","香港西營盤興漢道23號",114.1394295,22.2847322,"Caring Estate"
"Belgravia","57 S Bay Rd, Repulse Bay, Hong Kong",114.19959506144637,22.228573327290537,"Caring Estate"
"紀雲峰","20 Shan Kwong Rd, Happy Valley, Hong Kong",114.185013,22.2673497,"Caring Estate"
"杏花園","Hong Kong, Pak Sha Wan, Shing Tai Rd, 100號, Paradise Mall, 號舖",114.2402688,22.2771833,"Caring Estate"
"愉富大廈","8-10 Chun Fai Road, Tai Hang, Hong Kong",114.1941124,22.2736322,"Caring Estate"
"縉景台 ","18 Jupiter St, Causeway Bay, Hong Kong",114.1924061,22.28654,"Caring Estate"
"皓畋","28 Sheung Shing St, Ho Man Tin, Hong Kong",114.1816284,22.3193605,"Caring Estate"
"傲名","8 La Salle Rd, Ho Man Tin, Hong Kong",114.1820751,22.32663269999999,"Caring Estate"
"灝畋峰","15 Homantin Hill Road, Kowloon",114.1769627,22.3160442,"Caring Estate"
"港圖灣","香港土瓜灣旭日街9號",114.1913946,22.3158761,"Caring Estate"
"1&3 Ede Road","1&3 Ede Rd, Kowloon Tong, Hong Kong",114.1778061,22.3408665,"Caring Estate"
"現崇山","香港竹園睦鄰街８號",114.19725,22.340777,"Caring Estate"
"海峰花園","香港葵涌華景山路3號",114.138249,22.350959,"Caring Estate"
"耀東商場	","香港筲箕灣耀興道12號耀東商場",114.2242,22.2773529,"Caring Estate"
"鳯德商場	","九龍鑽石山鳳德道111號鳳德商場	",114.2004223,22.34407789999999,"Caring Estate"
"慈雲山中心	","九龍慈雲山毓華街23號慈雲山中心	",114.2005514,22.3482388,"Caring Estate"
"彩雲商場	","九龍牛池灣清水灣道45號彩雲商場	",114.2149248,22.3331388,"Caring Estate"
"秀茂坪商場	","九龍觀塘秀茂坪秀明道101號秀茂坪商場	",114.2325949,22.3175656,"Caring Estate"
"鯉魚門廣場	","九龍觀塘油塘鯉魚門道80號鯉魚門廣場	",114.2394036,22.29704,"Caring Estate"
"愛民商場	","九龍何文田忠孝街60號愛民廣場	",114.1788626,22.3124067,"Caring Estate"
"樂富廣場	","九龍橫頭磡聯合道198號樂富廣場	",114.1872329,22.3383244,"Caring Estate"
"黃大仙中心南館	","九龍黃大仙龍翔道136號黃大仙中心	",114.194272,22.3413905,"Caring Estate"
"竹園(南)商場	","15 Chuk Yuen Rd, Chuk Un, Hong Kong",114.194235,22.343992,"Caring Estate"
"愉翠商場	","2號 Ngau Pei Sha St, Siu Lek Yuen, Hong Kong",114.2059153,22.3815215,"Caring Estate"
"禾輋商場	","新界沙田德厚街3號禾輋廣場	",114.1952336,22.3879318,"Caring Estate"
"瀝源商場 	","6 Lek Yuen St, Sha Tin, Hong Kong",114.1912568,22.3845876,"Caring Estate"
"隆亨商場	","新界沙田大圍田心街1號隆亨商場	",114.179676,22.3681124,"Caring Estate"
"聖雅各福群會賽馬會青萌柴灣綜合服務中心","香港東區柴灣環翠道18號興華(二)邨樂興樓地下1, 6至9號",114.23331861971292,22.263967201905213,"Food-Co Service Point"
"聖雅各福群會慈惠軒(石硤尾)","九龍深水埗區大坑東道99號大坑西新邨民興樓地下1-3號",114.17018086071334,22.331796920302235,"Food-Co Service Point"
"聖雅各福群會慈惠軒(葵涌)","新界葵青區葵涌石排街110號石籬(二)邨石歡樓低層地下",114.14110210000001,22.3684593,"Food-Co Service Point"
"聖雅各福群會眾膳坊食物銀行(觀塘)","九龍觀塘區觀塘創業街2號美亞工業大廈3樓B",114.22071900000003,22.313987,"Food-Co Service Point"
"綠領行動","九龍深水埗區李鄭屋保安道325號李鄭屋商場304室",114.158049,22.338612,"Food-Co Service Point"
"九龍婦女聯會劉舜雯富昌婦女服務中心","九龍深水埗區西村路19號富昌邨富旺樓地下14號",114.15475749999996,22.3289815,"Food-Co Service Point"
"禮賢會彩雲綜合青少年服務中心","九龍黃大仙區牛池灣彩鳳徑38號2-4樓",114.21388330000002,22.3349277,"Food-Co Service Point"
"長春社糧善關愛坊","新界荃灣區葵涌和宜合道梨木樹邨2座11號舖",114.13466500000004,22.3783386,"Food-Co Service Point"
"聖雅各福群會灣仔綜合家庭服務中心","香港灣仔區灣仔石水渠街85號",114.173658620867,22.2733639852228,"Food-Co Service Point"
"禧福協會樂廚坊","九龍觀塘區觀塘創業街2號美亞工業大廈3樓A",114.22071900000003,22.313987,"Food-Co Service Point"
"工業福音團契總辦事處","九龍油尖旺區旺角弼街56號基督教大樓11樓",114.16929900000002,22.321872,"Food-Co Service Point"
"工業福音團契深水埗鄰舍關懷中心","九龍深水埗區深水埗營盤街163-173號建安大廈1樓1室",114.16128320000007,22.3357791,"Food-Co Service Point"
"工業福音團契鴨脷洲好鄰舍天地","香港南區鴨脷洲新市街30號(鴨脷洲浸信會內)",114.15679799999998,22.243859,"Food-Co Service Point"
"土瓜灣浸信會","九龍紅磡榮光街52號榮輝商場2樓",114.18946699999992,22.313451,"Food-Co Service Point"
"基督教奇恩會 ","九龍油尖旺區大角咀惠安街21-23號地下基督教新生會堂（奇恩會）",114.16132050246415,22.323140376117067,"Food-Co Service Point"
"香港基督教使徒信心會恩澤中心","九龍黃大仙區九龍城東頭村道183號東頭邨祥東樓地下1-3號",114.19348739999998,22.3331544,"Food-Co Service Point"
"展望社","九龍觀塘區藍田平田邨平真樓地下2號",114.23742916833112,22.30803218537078,"Food-Co Service Point"
"社會福利署黃大仙綜合家庭服務中心","九龍黃大仙區黃大仙正德街104號黃大仙社區中心204室",114.1941481,22.34094,"Food-Co Service Point"
"惜食分餉站","九龍深水埗區荔枝角瓊林街93號龍翔工業大廈四樓F室",114.14755830000001,22.3397524,"Food-Co Service Point"
"惜食堂深水埗廚房","九龍深水埗區深水埗海壇街235號豐盛大廈地下",114.157378,22.329226,"Food-Co Service Point"
"惜食堂柴灣廚房","香港東區柴灣安業街12號長益工業大廈11樓A室",114.24587599999995,22.2670912,"Food-Co Service Point"
"惜食堂社區中心","九龍深水埗區深水埗九江街10-16號豐盛大廈",114.1573353,22.3292074,"Food-Co Service Point"
"利駿行慈善基金東區睦鄰中心","香港銅鑼灣屈臣道15號維多利中心403室",114.1902916,22.2872679,"Food-Co Service Point"
"循道衛理楊震社會服務處油尖旺成長軒","九龍油尖旺區旺角上海街396號5樓",114.16918529999998,22.3140392,"Food-Co Service Point"
"將軍澳基督教錫安堂暨安臨中心","新界西貢區將軍澳翠林邨安林樓三樓316-325室",114.2489135966614,22.32390396284466,"Food-Co Service Point"
"救世軍露宿者綜合服務","九龍油尖旺區油麻地上海街345A號2樓露宿者之家",114.16934149999997,22.31246909999999,"Food-Co Service Point"
"浸信會愛羣社會服務處 (長沙灣)","九龍深水埗區長沙灣順寧道323號2樓",114.1569637,22.3384659,"Food-Co Service Point"
"基督教宣道會恩樂堂","香港東區北角英皇道379-381號福英大廈2樓",114.19825249999997,22.2909739,"Food-Co Service Point"
"香港聖公會麥理浩夫人中心「時刻共享」社區計劃","新界葵涌邨旭葵樓地下7號室",114.13484900000003,22.3680575,"Food-Co Service Point"
"東華三院余墨緣綜合服務中心","九龍深水埗區深水埗西村路19號富昌邨富潤樓服務設施大樓五樓",114.15517550000004,22.3272151,"Food-Co Service Point"
"循道衛理觀塘社會服務處神愛關懷中心","九龍觀塘區翠屏道19號翠屏北邨翠榕樓",114.23070000000007,22.314984,"Food-Co Service Point"
"恩活社區服務中心","九龍油尖旺區油麻地偉晴街23號地下",114.16750750000006,22.3062086,"Food-Co Service Point"
"新福事工協會(觀塘伙伴教會)","九龍觀塘區牛頭角馬蹄徑2號",114.22184149999998,22.3146445,"Food-Co Service Point"
"常光睦鄰中心","九龍九龍城區何文田愛民邨禮民樓403-410室",114.17885617406614,22.31243669431373,"Food-Co Service Point"
"新福事工協會(少數族裔)","九龍油尖旺區旺角塘尾道18號嘉禮大廈21樓",114.16655479999997,22.3183146,"Food-Co Service Point"
"基督教仁愛教會","觀塘通明街九號A地下",114.22426100000007,22.312036,"Food-Co Service Point"
"播道會康福堂白普理社區發展中心","新界沙田區沙角邨銀鷗樓A座地下113-115號 ",114.1940617822437,22.37885356345352,"Food-Co Service Point"
"基督教互愛中心","九龍觀塘區茶寮坳順安道9號順天邨天衡樓",114.2247003,22.3272692,"Food-Co Service Point"
"民社糧友行動 (石硤尾)","九龍深水埗區石硤尾南昌街石硤尾邨19座美彩樓平台 201室",114.16606300000001,22.333125,"Food-Co Service Point"
"宏施慈善基金深水埗社會服務處","香港深水埗海壇街161號瑞英樓",114.1603133,22.3269317,"Food-Co Service Point"
"聖巴拿巴會之家","香港中西區西環豐物道21號",114.13543809046018,22.28780417354554,"Food-Co Service Point"
"PathFinders","九龍油尖旺區大角咀通州街123號惠賢中心, 2D Worldwide Centre",114.16246760000001,22.3245397,"Food-Co Service Point"
"曉妍居","G/F, 247-249 Queen's Rd E, Wan Chai, 香港",114.173862,22.2744181,"Food-Co Service Point"
"關愛動員","香港筲箕灣興民街68號 海天廣場12樓05室",114.2254666,22.2797494,"Food-Co Service Point"
"基督教宣道會宣恩堂牧的地家庭服務中心","九龍油尖旺大角咀晏架街4號麗華中心1樓b室",114.16488270000002,22.320235,"Food-Co Service Point"
"基督教播道會康福堂長者中心","新界沙田區沙角街6號博康邨博安樓",114.1926676736191,22.374530711818363,"Food-Co Service Point"
"基督教播道會美孚長者中心","九龍深水埗區美孚新邨百老匯街37-39號",114.13897521355898,22.336169141989732,"Food-Co Service Point"
"基督教播道會興田邨道真堂愛禮信長者中心","九龍觀塘區藍田連德道8號興田邨彩田樓",114.23907525399477,22.31299130212658,"Food-Co Service Point"
"深青社","九龍深水埗區營盤街130-134號1字樓B-D座",114.16072600000007,22.334528,"Food-Co Service Point"
"婦女社會服務中心","香港灣仔區軒尼詩道290-294號德華大廈13字樓",114.1772138,22.2778546,"Food-Co Service Point"
"香港聖公會麥理浩夫人中心","新界葵青區葵湧和宜合道22號",114.13643247941286,22.365343452232427,"Food-Co Service Point"
"「社區互惠銀行」計劃 - 石籬分行","新界葵青區葵涌石梨街6號石籬(二)邨石偉樓地下",114.13935072282106,22.364882088977694,"Food-Co Service Point"
"安好居家寧養服務","香港灣仔區灣仔石水渠街85號聖雅各福群會9樓912室",114.17372120000005,22.2733381,"Food-Co Service Point"
"基督教宣道會海怡堂","香港南區鴨脷洲西邨利滿樓低座地下 9-12 號",114.15322479999998,22.2386603,"Food-Co Service Point"
"基督教以勒教會","九龍觀塘區翠屏道19號翠屏北邨翠楊樓",114.23007912495882,22.316906856981632,"Food-Co Service Point"
"禧福協會 - 佐敦","九龍油尖旺區佐敦廟街239號八福薈15樓",114.17082770000002,22.3055206,"Food-Co Service Point"
"港島社會服務中心","香港灣仔區灣仔軒尼詩道130號修頓中心15字樓",114.17288899999994,22.277059,"Food-Co Service Point"
"香港浸信教會好鄰舍福音堂","香港中西區西環山道15 號 3樓 ",114.135493,22.286182,"Food-Co Service Point"
"禧福協會愛鄰舍","九龍油尖旺區旺角長旺道9號威特商業大廈4樓",114.16623673743436,22.32005223762942,"Food-Co Service Point"
"沙田婦女會新田總會","新界沙田區沙田新田村42A",114.18315600000005,22.372115,"Food-Co Service Point"
"沙田婦女會瀝源服務中心","新界沙田區瀝源邨商場地下38地下",114.19201840000005,22.3853316,"Food-Co Service Point"
"沙田婦女會沙角國民教育中心","新界沙田區沙角邨沙燕樓平台317-318",114.19460679999997,22.3783196,"Food-Co Service Point"
"香港華人基督會恩庭長者活動中心","九龍九龍城區何文田鳴暉閣地下",114.18232038179188,22.314236946824888,"Food-Co Service Point"
"聖雅各福群會李節街宿舍","香港灣仔區李節街一號一樓",114.16962009999997,22.277023,"Food-Co Service Point"
"中華基督教會灣仔堂The Church of Christ in China Wan Chai Church","香港灣仔區春園街77號合和中心6樓 中華基督教會灣仔堂 ",114.17181349852831,22.274142456562434,"Food-Co Service Point"
"香港戒毒會北九龍社會服務中心","九龍深水埗區福華街45-51號鴻福大廈2樓",114.16592779999996,22.3285503,"Food-Co Service Point"
"明愛單親家庭互助中心","香港東區北角炮台山道28A號明愛單親家庭互助中心",114.19543109999995,22.28755,"Food-Co Service Point"
"Mission For Migrant Workers","香港中西區中環花園道4-8號聖公會聖約翰座堂",114.15975019999996,22.2786912,"Food-Co Service Point"
"五旬節聖潔會筲箕灣堂有限公司基列社會服務中心","香港筲箕灣興民街54號雅歌苑",114.22406561234743,22.280985342146113,"Food-Co Service Point"
"博愛醫院鄭廖三紀念兒童及家庭發展中心","香港黃大仙鳳德邨鳳德社區中心一樓105室",114.20161600000006,22.34314699999999,"Food-Co Service Point"
"中國基督教播道會同福柴灣堂","香港柴灣利眾街24號東貿廣場25樓D室",114.2365683,22.265848,"Food-Co Service Point"
"足印義工","香港新界葵涌寶梨街怡峰苑",114.13890600000002,22.36175099999999,"Food-Co Service Point"
"循道衛理觀塘社會服務處 藍田樂齡鄰舍中心","九龍觀塘區藍田平田邨平仁樓地下5號",114.23661835053713,22.30857934765033,"Food-Co Service Point"
"聖雅各福群會社會房屋","九龍油尖旺區旺角豉油街12號24D",114.16850550000004,22.3161759,"Food-Co Service Point"
"金巴崙長老會寶臨堂","調景嶺健明村明域樓地下B,C翼",114.25060875275881,22.306971356576902,"Food-Co Service Point"
"教會關懷貧窮網絡","九龍大坑東棠蔭街15號",114.17064630000004,22.33029729999999,"Food-Co Service Point"
"新福事工協會(資源中心)","九龍油尖旺區旺角塘尾道18號嘉禮大廈21樓",114.16654832223207,22.318296381096104,"Food-Co Service Point"
"民社服務中心(油尖旺)","大角咀必發道118號茂盛中心11樓A室",114.16679399999998,22.31650299999999,"Food-Co Service Point"
"海麗兒童發展中心","九龍深水埗區長沙灣深旺道100號海麗邨海雅樓",114.1462113,22.3319851,"Food-Co Service Point"
"麗安邨家長互助幼兒中心","九龍深水埗區荔枝角道420號麗安邨1座麗德樓",114.15825493195803,22.331158747496374,"Food-Co Service Point"
"香港善導會扶輪宿舍","九龍黃大仙區樂富邨樂東樓地下",114.18646899999999,22.337084,"Food-Co Service Point"
"香港社區組織協會(社區新世界)","香港菴由元州街165號步陞工商業大廈4樓",114.16045702638928,22.334419225770265,"Food-Co Service Point"
"香港社區組織協會(汝州街)","九龍深水埗汝州街269號1樓",114.16198220000001,22.3295098,"Food-Co Service Point"
"睦鄰家庭服務中心(碩門邨)","香港沙田安麗街11號企業中心18樓07-08室",114.207564,22.3897386,"Food-Co Service Point"
"香港長者協會","香港深水埗區長沙灣麗閣邨麗蘭樓301室",114.15599280000004,22.333157,"Food-Co Service Point"
"香港基督教女青年會深水埗綜合社會服務處","九龍深水埗區元洲元州街59-63號元州街市政大廈5樓",114.16332344723877,22.33201426077757,"Food-Co Service Point"
"香港基督教會宣道堂睦愛中心","香港大角咀福全街17號福康大樓2字樓",114.16488270000002,22.3204965,"Food-Co Service Point"
"石籬民生動力","九龍葵青區石籬石梨街15號石籬(二)邨石廣樓地下C 1樓",114.14086291897968,22.366936582278946,"Food-Co Service Point"
"石籬松柏權益促進會 ","新界葵青區石籬村石廣樓地下C 翼1號",114.14083800000003,22.366933,"Food-Co Service Point"
"香港基督教女青年會誌寶松柏中心","九龍深水埗元州街59-63號元州街市政大廈4樓",114.16332680000005,22.3320124,"Food-Co Service Point"
"竹園區神召會坑口堂","香港西貢區坑口文曲里2號",114.26526434281618,22.313323805982094,"Food-Co Service Point"
"海麗之友社","九龍深水埗區長沙灣深旺道100號海麗邨海健樓地下10號",114.14667580000003,22.3322608,"Food-Co Service Point"
"關懷愛滋","香港油麻地庇利金街14-20號富利商業大廈3樓",114.17125688482406,22.303804644617614,"Food-Co Service Point"
"深水埗婦女聯合會","九龍深水埗區基隆街298-302號大德樓5字樓A室",114.16058650000002,22.3301773,"Food-Co Service Point"
"麗怡之友","九龍深水埗東京街12號麗閣邨麗荷樓",114.15761399999997,22.3336108,"Food-Co Service Point"
"香港小童群益會美孚青少年綜合服務中心","香港荔枝角美荔道33號4-5樓",114.14132999999993,22.337568,"Food-Co Service Point"
"香港基督教新生會何文田堂長者鄰舍中心","九龍九龍城區採石山常盛街18號何文田邨景文樓",114.18104540000002,22.3182095,"Food-Co Service Point"
"香港基督教新生會新田圍堂長者鄰舍中心","新界沙田區大圍沙田頭路新田圍邨豐圍樓114-117室地下",114.1865722,22.3703919,"Food-Co Service Point"
"何文田居民協進會","九龍城區何文田邨逸文樓地下8室",114.1824977,22.315905,"Food-Co Service Point"
"明愛莫張瑞勤社區中心","香港中西區西環和合街6-12號國基大廈地下G號舖",114.13409999999999,22.2859795,"Food-Co Service Point"
"香港單親協會慧妍雅集活動及資源中心","九龍深水埗石硤尾大坑東邨東滿樓地下1-7號",114.17129219999993,22.3307344,"Food-Co Service Point"
"聖公會聖安堂","九龍深水埗長沙灣海麗街3號聖安德烈小學內",114.14744380000002,22.3306715,"Food-Co Service Point"
"浸信會愛羣社會服務處自力更生綜合就業援助計劃","香港旺角上海街473-475號上海中心1樓",114.16861362317354,22.31598877095998,"Food-Co Service Point"
"愛心飯團","香港太子基隆街64號",114.16617147186548,22.325746227582943,"Food-Co Service Point"
"幸福邨居民服務促進會","長沙灣幸福邨福月樓地下9號室",114.15373569999997,22.3352468,"Food-Co Service Point"
"澤安邨居民服務中心","九龍深水埗大窩坪澤安道1號澤安邨富澤樓地下13A",114.16420900000003,22.339657,"Food-Co Service Point"
"關注學童發展權利聯席(關學聯)","九龍旺角塘尾道66-68號福強工業大廈B座10樓4室",114.16573770000002,22.3222258,"Food-Co Service Point"
"鄭裕彤敬老中心","香港紅磡黃埔街黃埔花園八期黃埔廣場後座M樓",114.19112808564455,22.30511271419668,"Food-Co Service Point"
"蘇屋邨居民協會","香港深水埗長沙灣蘇屋邨牡丹樓地下",114.15745140000001,22.3418989,"Food-Co Service Point"
"牽晴計劃","香港深水埗荔枝角道420號麗安邨1座麗德樓",114.15819055894167,22.33105950538165,"Food-Co Service Point"
"聖雅各福群會 - 社區中心服務(東區)","香港筲箕灣興民街68號海天廣場2樓206室",114.22444489999998,22.28078229999999,"Food-Co Service Point"
"香港聖公會九龍城青少年綜合服務中心","香港九龍城晴朗商場（A區）A205",114.20291989999998,22.3315397,"Food-Co Service Point"
"新生精神康復會竹園綜合培訓中心","香港竹園竹園道15號竹園南邨麗園樓",114.19441400000005,22.346711,"Food-Co Service Point"
"香港聾人協進會","香港牛池灣紫葳路9號彩虹邨紫薇樓地下109, 111-118號",114.20745200970919,22.333972232074764,"Food-Co Service Point"
"聖雅各福群會露宿者綜合服務","香港西環西安里10號福祥閣",114.13856559755321,22.286877673107025,"Food-Co Service Point"
"膳心小館Agape Garden","Cheerful Court Block B, 55 Choi Ha Rd, Ngau Tau Kok, Hong Kong",114.21655020000003,22.325572,"Food-Co Service Point"
"香港防止虐待長者協會","22 Salisbury Rd, Tsim Sha Tsui, Hong Kong",114.17225910000002,22.2955269,"Food-Co Service Point"
"香港戒毒會東九龍社會服務中心","香港鶴園馬頭圍道37-39號紅磡商業中心A座",114.18778259999999,22.31025439999999,"Food-Co Service Point"
"明愛基層組織發展計劃","香港大坑東社區中心",114.1704428897217,22.33047397546686,"Food-Co Service Point"
"中國基督教播道會觀塘福音堂","香港雲漢街77-79號地下",114.22579245403676,22.31765762693365,"Food-Co Service Point"
"聖公會聖匠堂社區中心(紅磡)","紅磡戴亞街1號",114.18772704461367,22.307210819383894,"Food-Co Service Point"
"香港中華基督教青年會佐敦會所","九龍尖沙咀柯士甸道西1號1樓101室",114.16275567868502,22.304569261350732,"Food-Co Service Point"
"Oxfam Hong Kong","香港北角馬寶道28號華匯中心",114.20055639080734,22.291772014799196,"Food-Co Service Point"
"基督教信心恩典教會","Unit B, 3/F, Gee Lok Industrial Building, 34 Hung To Rd, Kwun Tong, Hong Kong",114.22024614671021,22.312109790871016,"Food-Co Service Point"
"鄰舍輔導會 - 白田康樂家","香港白田白田街51號白田邨澤田樓地下3室(敬請預約)",114.168345,22.336966,"Food-Co Service Point"
"香港九龍塘基督教中華宣道會石籬堂","Rm A, 2/F, Shek Lei Shopping Centre, Shek Lei, 香港",114.13847976695682,22.365041491594475,"Food-Co Service Point"
"基督教福臨教會","九龍油麻地廟街47-57號正康大廈一字樓",114.17028128958397,22.31052816895225,"Food-Co Service Point"
"家寧社會服務中心","香港紅磡新柳街5號地下",114.18708907738493,22.312389968003348,"Food-Co Service Point"
"基督教華富邨潮人生命堂","香港瀑布灣瀑布灣道8號香港華富邨華明樓125-134室",114.134883,22.25169,"Food-Co Service Point"
"香港神託會(沙田)","香港沙田小瀝源路 沙角邨美雁樓1-18號地下",114.1950712,22.3788565,"Food-Co Service Point"
"中國基督徒傳道會中基堂","牛頭角定安街安泰大樓地下",114.215023,22.318965,"Food-Co Service Point"
"深中樂Teen會","香港李鄭屋發祥街10號李鄭屋邨仁愛樓地下101室",114.1592071161583,22.338951514075873,"Food-Co Service Point"
" 浸信會愛羣社會服務處 CARE學院","香港太子荔枝角道168號萬盛閣",114.16454471209794,22.325710250928598,"Food-Co Service Point"
"神召會梨木樹堂","香港梨木樹和宜合道梨木樹邨榮樹平台神召會麥嘉倫紀念幼稚園內",114.13611061433106,22.377412767120124,"Food-Co Service Point"
"希望枝子 Branches of Hope ","Vine Centre 2, 29 Burrows St, Wan Chai, Hong Kong",114.1764004,22.2762164,"Food-Co Service Point"
"基督教尖沙咀潮人生命堂生命培育資源中心","九龍尖沙咀寶勒巷25號8樓",114.1750901,22.2986577,"Food-Co Service Point"
"香港小童群益會樂翠相投建社區","香港長沙灣荔枝角道608號麗翠苑麗柏閣地下",114.1549397216156,22.333659625479918,"Food-Co Service Point"
"基督教會活石堂（香港堂）","香港柴灣利眾街24號東貿廣場19樓B室",114.2363793,22.2655985,"Food-Co Service Point"
"恩磐愛鄰舍中心有限公司","九龍大坑東棠蔭街七號",114.170659,22.329353,"Food-Co Service Point"
"Elderly Integrated Home Safety Projects","Room 105, 1/F, No. 85 Stone Nullah Lane, Wan Chai, Hong Kong",114.17381710866242,22.27331344442319,"Food-Co Service Point"
"鄰舍輔導會樂活石硤尾地區支援網絡計劃","九龍深水埗石硤尾邨美禧樓3樓平台",114.1672228977993,22.331963846543033,"Food-Co Service Point"
"citylab","香港長沙灣長沙灣道681號貿易廣場8樓811室",114.1533525,22.3368672,"Food-Co Service Point"
"聖雅各福群會灣仔長者地區中心","香港灣仔石水渠街85號聖雅各福群會多元化社區服務中心",114.173637,22.2733649,"Food-Co Service Point"
"明愛賽馬會德田青少年綜合服務","香港藍田德田邨德敬樓1樓",114.238242,22.310857,"Food-Co Service Point"
"聖雅各福群會油麻地就業及培訓服務中心","香港油麻地彌敦道486號益南華廈1樓",114.1711483106926,22.311465248154676,"Food-Co Service Point"
"關愛堂","觀塘道342至344號 泉源工業大廈 11字樓1110室",114.22168381074219,22.310167468807652,"Food-Co Service Point"
"仁濟醫院上環復康服務中心-晴晞閣","香港上環高陞街28號",114.146609,22.2871223,"Food-Co Service Point"
"循道衛理社會服務處嘉峰臺中心","香港斧山瓊東街8號嘉峰臺2座",114.2110408053711,22.34093374975477,"Food-Co Service Point"
"J Life","G/F, 380 Tai Nan St, Sham Shui Po, Hong Kong",114.159872,22.329994,"Food-Co Service Point"
"香港生命力","九龍長沙灣欽州街西36號副食品批發市場行政大樓一樓T302室",114.1537111,22.3239317,"Food-Co Service Point"
"禧福協會-蒙福天地","九龍廟街239號八福匯",114.16963581480535,22.305032462365745,"Food-Co Service Point"
"香港小童群益會賽馬會長沙灣青少年綜合服務中心","九龍長沙灣麗閣邨麗荷樓地下101-120室",114.157614,22.3336108,"Food-Co Service Point"
"FOOD-CO Volunteer","香港灣仔堅尼地道100號",114.1734797,22.2725336,"Food-Co Service Point"
"HKSKHBlessedfood_KC_YTM","香港鶴園崇安街18號半島廣場土瓜灣",114.1895999,22.3114561,"Food-Co Service Point"
"基督教筲箕灣潮人生命堂","香港筲箕灣筲箕灣東大街108號",114.2301929,22.277763,"Food-Co Service Point"
"SJS_JCFA","香港灣仔石水渠街85號聖雅各福群會多元化社區服務中心",114.1737442,22.2736077,"Food-Co Service Point"
"明愛葵涌居民互助中心","Room 1C, 132 Tai Lin Pai Rd, Kwai Chung, Hong Kong",114.13236893275528,22.359727614925045,"Food-Co Service Point"
"香港路德會沙崙堂","香港大角咀櫻桃街18號",114.164941,22.318915,"Food-Co Service Point"
"中華基督教會大角咀基全堂","150 Tai Kok Tsui Rd, Tai Kok Tsui, Hong Kong",114.1621246,22.3227024,"Food-Co Service Point"
"靈光堂","鑽石山鳳德村鳳銀鳳樓247-251室",114.20054797242202,22.343466418365303,"Food-Co Service Point"
"竹園區神召會榮恩堂","香港馬頭涌譚公道115號運通大廈1樓A室",114.18892313578095,22.323938117300305,"Food-Co Service Point"
"榕光","香港李鄭屋東京街56-58A號B",114.16018612244874,22.337520019722568,"Food-Co Service Point"
"華基堂","香港太子旺角花園街208-214號金發大廈",114.17041874984055,22.32347099608664,"Food-Co Service Point"
"榮美事工","香港土瓜灣旭日街1號瑞英工業大廈8樓A806室",114.191035,22.315493,"Food-Co Service Point"
"循理會忠心堂","1/F,88 -90Fuk Lo Tsun Rd, Kowloon City, Hong Kong",114.18779116883151,22.330337393056887,"Food-Co Service Point"
"聖雅各福群會幼稚園社工服務","香港灣仔石水渠街85號聖雅各福群會多元化社區服務中心",114.1737442,22.2736077,"Food-Co Service Point"
"香港聖公會諸聖座堂","香港旺角白布街11號聖公會諸聖堂",114.1730927,22.317527,"Food-Co Service Point"
"禮賢會樂齡中心","香港沙田德厚街3號",114.19502801755219,22.38772517486297,"Food-Co Service Point"
"davidlam","香港西營盤高街2號西營盤社區綜合大樓6樓",114.19147140839846,22.30476778318338,"Food-Co Service Point"
"社區支援隊香港戒毒會","Hong Kong, Hok Yuen, Ma Tau Wai Rd, 37至39號厚福街11A號紅磡商業中心A座",114.1877325,22.3098098,"Food-Co Service Point"
"香港基督教服務處 匯愛家長資源中心(觀塘) ","九龍灣宏開道8號其士商業中心10樓17-18室",114.21126287628316,22.321340259923915,"Food-Co Service Point"
"香港島各界社會服務基金會","上環干諾道西21-24號海景商業大廈1字樓B室",114.1491613,22.287768,"Food-Co Service Point"
"循理會德田耆樂會所","223 Pik Wan Rd, Lam Tin, Hong Kong",114.23947758534699,22.309264227114483,"Food-Co Service Point"
"翠平","1/F Tsui Chuk Garden Wong Tai Sin KL, Hong Kong",114.18790943482666,22.34688773000248,"Food-Co Service Point"
"KCBC","九龍樂富邨樂泰樓地下低座",114.186469,22.337084,"Food-Co Service Point"
"TCPEC","1/F Tsui Chuk Garden Wong Tai Sin KL, Hong Kong",114.18786651948243,22.346748806694478,"Food-Co Service Point"
"hhclr","17 Sung On St, Hok Yuen, Hong Kong",114.18928809026032,22.31200619277177,"Food-Co Service Point"
"Novasde","香港長沙灣永康街77號環薈中⼼12樓B1室",114.19147140839846,22.30476778318338,"Food-Co Service Point"
"CaritasSousaIFSC","香港沙田銀鷗樓",114.19391758302002,22.378995143875624,"Food-Co Service Point"
"sjs-eunis","Room 714, 7/F, Administration Building, Department of Medicine, Ruttonjee Hospital, 266 Queen's Road East, Wan Chai, Hong Kong., Wan Chai, 香港",114.1751471,22.276022,"Food-Co Service Point"
"ktcfsc","九龍牛頭角定安街95號",114.19147140839846,22.30476778318338,"Food-Co Service Point"
"Community hub","香港紅磡漆咸道北411號雅景軒",114.1859452,22.3120961,"Food-Co Service Point"
"larry","九龍城漆咸道北387-427號雅景軒地下",114.19147140839846,22.30476778318338,"Food-Co Service Point"
"KCBCNEC","香港老虎岩聯合道樂富邨樂泰樓",114.18666488984375,22.337063526232047,"Food-Co Service Point"
"JCEchoesofLoveFund","真善美村低座一樓",114.187594,22.3251541,"Food-Co Service Point"
"天主教聖文德堂方濟廚房","九龍黃大仙區竹園蒲崗村道89號",114.19876929999998,22.344538,"Food-Co Service Point"
"香港互勵會曹舒菊英老人中心","九龍黃大仙區牛池灣彩鳳徑38號",114.21395706074796,22.334957471816157,"Food-Co Service Point"
"循道衛理楊震社會服務處彩虹長者綜合服務中心","九龍黃大仙區黃大仙彩虹邨金漢樓地下106-115 室",114.20556699999997,22.3365702,"Food-Co Service Point"
"石硤尾邨美映樓互助委員會","九龍深水埗區深水埗區石硤尾邨美映樓地下",114.16822679999996,22.333921,"Food-Co Service Point"
"浸信宣道會白普理社會服務中心","九龍黃大仙區竹園穎竹街8號竹園北邨梅園樓地下118-123號",114.19539209999994,22.3458077,"Food-Co Service Point"
"活石睦鄰中心","新界葵青區葵涌石梨大隴街107號昌榮樓1字樓108-109室",114.13829199999998,22.3659155,"Food-Co Service Point"
"觀潮浸信會潮食工房","九龍觀塘區觀塘翠屏道11號觀潮浸信會1樓",114.229469,22.312383,"Food-Co Service Point"
"九龍婦女聯會慧妍雅集婦女綜合服務中心","九龍深水埗區長沙灣深旺道100號海麗邨海和樓地下4號",114.14695449999999,22.3319553,"Food-Co Service Point"
"西九龍葡萄園教會","九龍油尖旺區大角咀櫸樹街15號華源工廠大厦5樓",114.16297850000001,22.3209275,"Food-Co Service Point"
"金巴崙長老會沙田堂(紅磡聚會點)豐之谷‧愛鄰「舍」社會服務中心","九龍九龍城區紅磡馬頭圍道37-39號紅磡商業中心A座11樓1111室",114.18805840000005,22.310346,"Food-Co Service Point"
"浸信會愛羣社會服務處午善匯熱食飯堂(灣仔)","香港灣仔區灣仔摩利臣山愛群道36號2樓",114.179305,22.277419,"Food-Co Service Point"
"浸信會愛羣社會服務處午善匯熱食飯堂(旺角)","九龍油尖旺區大角咀塘尾道55號新興鋼具商業大廈3字樓",114.16561609199607,22.32002200247924,"Food-Co Service Point"
"浸信會愛羣社會服務處(油麻地)","香港旺角砵蘭街90-98號",114.1697165,22.31442849999999,"Food-Co Service Point"
"東華三院陳婉珍第三齡義工中心暨膳深軒","九龍深水埗區深水埗白田邨澤田樓地下",114.16834500000004,22.336966,"Food-Co Service Point"
"東華三院賽馬會大角咀綜合服務中心","九龍油尖旺區大角咀通州街28號頌賢花園地下商場2號及9號舖",114.16393059999996,22.3240692,"Food-Co Service Point"
"香港華嚴佛學社","香港灣仔區灣仔克街5號展鴻大廈2樓D室",114.17752928593904,22.2769161366079,"Food-Co Service Point"
"昕妍居"," 香港",114.173862,22.2744181,"Food-Co Service Point"
"Foodlink膳心連","香港觀塘區興業街14號永興工業大廈10 樓 C1 室",114.22446809999997,22.3091309,"Food-Co Service Point"
"Food For Good 齊惜福","香港中西區上環德輔道中308-320號19樓1902-04",114.15055200000006,22.286837,"Food-Co Service Point"
"宏施慈善基金社會服務處","九龍觀塘區牛頭角清水灣道2號坪石邨玉石樓219-224",114.20947975972445,22.333530613030096,"Food-Co Service Point"
"齊惜福油塘社區廚房 Food For Good Yau Tong Community Kitchen","九龍觀塘區油塘高輝道17號油塘工業城A2座4樓413-414室",114.23500969999998,22.2953053,"Food-Co Service Point"
"Bethune House Migrant Women's Refuge","香港油麻地彌敦道543A號(非開放地址)",114.17047440209967,22.313286480091616,"Food-Co Service Point"
"食物共享計劃-九龍城","土瓜灣浙江街41號合誠商業中心5樓A室",114.1871663,22.3152995,"Food-Co Service Point"
"香港社區組織協會(桂林街)","九龍深水埗區桂林街117號2樓",114.16111790000002,22.3304424,"Food-Co Service Point"
"循道愛華村服務中心社會福利部","香港東區柴灣峽柴灣道100號",114.23328204721042,22.268357518462846,"Food-Co Service Point"
"藝恆愛心行動","九龍九龍城宋皇臺道九十號一樓 ",114.18843407476265,22.316021276437443,"Food-Co Service Point"
"天梯使團油麻地睦鄰中心","Rooms G02-05, G/F, Henry G Leong Yau Ma Tei Community Centre, 60 Public Square St, Yau Ma Tei, Hong Kong",114.16973400000006,22.3099219,"Food-Co Service Point"
"Run Hong Kong Limited","Sun Hing Industrial Building, 5 F 46 Wong Chuk Hang Rd, Hong Kong",114.1672979,22.2487003,"Food-Co Service Point"
"南昌東之友","九龍深水埗石硤尾街43號匯寶樓閣樓",114.16339249999999,22.3277664,"Food-Co Service Point"
"恩禧中心","香港沙田瀝源街6號瀝源邨壽全樓地下101-106室",114.19257647851258,22.385116143452493,"Food-Co Service Point"
"齊惜福東頭社區廚房 Food For Good Tung Tau Community Kitchen","香港九龍城東頭村道183號東頭(二)邨地下熟食檔2-4號",114.19228900000007,22.333416,"Food-Co Service Point"
"油麗妍慧社","Yau Tong Estate Kwai Tong House, Yau Tong, Hong Kong",114.23849589684754,22.298221377001894,"Food-Co Service Point"
"齊惜福葵涌社區中心","香港葵涌大連排道21號宏達工業中心311室",114.1345347,22.3646857,"Food-Co Service Point"
"基督教勵行會綠創館","香港觀塘偉業街221號美德工業大廈6樓C室",114.22314829686432,22.308450312012912,"Food-Co Service Point"
"活水使團有限公司 The Living Water Evangelism Organisation Limited","Room 8, 11/F, Block A, Mai Hing Industrial Building, 16-18 Hing Yip St, Kwun Tong, Hong Kong",114.225174,22.3088856,"Food-Co Service Point"
"樂天關懷行動(火炭)","火炭坳背灣街38-40號華衛工業中心11樓1112室",114.1927027,22.400112,"Food-Co Service Point"
"聖雅各福群會社區經濟互助計劃","香港灣仔區慶雲街8號",114.17433759999994,22.2738054,"Food-Co Service Point"
"關注草根生活聯盟","九龍油尖旺區旺角塘尾道66-68號福強工業大廈B座10樓4室",114.16590359999998,22.3222067,"Food-Co Service Point"
"關注家居照顧服務大聯盟","香港葵涌大連排道35號金基工業大廈22樓A1室",114.1343206,22.3640343,"Food-Co Service Point"
"安榮社會服務中心","香港中西區第三街56-72號，福滿大廈1樓M室",114.142102,22.2855736,"Food-Co Service Point"
"民社糧友行動(橫頭磡)","九龍黃大仙橫頭磡富美街17號橫頭磡邨宏澤樓",114.18800599435122,22.340179560778104,"Food-Co Service Point"
"以馬內利使徒會","香港太子通菜街209號",114.1696317,22.3232272,"Food-Co Service Point"
"香港婦女中心協會有限公司","長沙灣麗閣邨麗蘭樓305至309室",114.19147140839846,22.30476778318338,"Food-Co Service Point"
"聖雅各福群會眾膳坊熱食服務 - 熱食派送","香港觀塘成業街19-21號成業工業大廈1樓32室",114.22706870000002,22.3101147,"Partner Volunteer Service"
"香港華人基督會恩庭長者活動中心 - 香港華人基督會","九龍九龍城區何文田鳴暉閣地下",114.18241358855516,22.314217096000522,"Partner Volunteer Service"